<?xml version="1.0"?>
<doc>
    <assembly>
        <name>HYC.HTPower</name>
    </assembly>
    <members>
        <member name="T:HYC.HTPower.HTPowerChannel">
            <summary>
            光源控制器通道号
            </summary>
        </member>
        <member name="F:HYC.HTPower.HTPowerChannel.POWER_CHANNEL_1">
            <summary>
            通道1
            </summary>
        </member>
        <member name="F:HYC.HTPower.HTPowerChannel.POWER_CHANNEL_2">
            <summary>
            通道2
            </summary>
        </member>
        <member name="F:HYC.HTPower.HTPowerChannel.POWER_CHANNEL_3">
            <summary>
            通道3
            </summary>
        </member>
        <member name="F:HYC.HTPower.HTPowerChannel.POWER_CHANNEL_4">
            <summary>
            通道4
            </summary>
        </member>
        <member name="F:HYC.HTPower.HTPowerChannel.POWER_CHANNEL_5">
            <summary>
            通道5
            </summary>
        </member>
        <member name="F:HYC.HTPower.HTPowerChannel.POWER_CHANNEL_6">
            <summary>
            通道6
            </summary>
        </member>
        <member name="F:HYC.HTPower.HTPowerChannel.POWER_CHANNEL_7">
            <summary>
            通道7
            </summary>
        </member>
        <member name="F:HYC.HTPower.HTPowerChannel.POWER_CHANNEL_8">
            <summary>
            通道8
            </summary>
        </member>
        <member name="F:HYC.HTPower.HTPowerChannel.POWER_CHANNEL_ALL">
            <summary>
            全部通道
            </summary>
        </member>
        <member name="T:HYC.HTPower.HTPowerWorkMode">
            <summary>
            工作模式
            </summary>
        </member>
        <member name="F:HYC.HTPower.HTPowerWorkMode.BRIGHTNESS">
            <summary>
            通过修改亮度参数调节光源亮度
            </summary>
        </member>
        <member name="F:HYC.HTPower.HTPowerWorkMode.CURRENT_AND_VOLTAGE">
            <summary>
            通过修改电流、电压值调节光源亮度
            </summary>
        </member>
        <member name="T:HYC.HTPower.HTCommunicationInfo">
            <summary>
            初始化时用来传递socket和serialport参数
            </summary>
        </member>
        <member name="F:HYC.HTPower.HTCommunicationInfo.socketInfo">
            <summary>
            网络通讯参数类
            </summary>
        </member>
        <member name="F:HYC.HTPower.HTCommunicationInfo.serialPortInfo">
            <summary>
            串口通讯参数类
            </summary>
        </member>
        <member name="T:HYC.HTPower.HTPowerConfigItem">
            <summary>
            定义反射需要的配置文件内容
            </summary>
        </member>
        <member name="P:HYC.HTPower.HTPowerConfigItem.Name">
            <summary>
            光源控制器名称
            </summary>
        </member>
        <member name="P:HYC.HTPower.HTPowerConfigItem.Assembly">
            <summary>
            程序集名称
            </summary>
        </member>
        <member name="P:HYC.HTPower.HTPowerConfigItem.ClassName">
            <summary>
            程序集名称.光源控制器类名
            </summary>
        </member>
        <member name="T:HYC.HTPower.HTPowerFactory">
            <summary>
            光源控制器工厂类
            Exapmle P9F:
            IHTPower _HTPower = HTPowerFactory.CreatePower("P9F");
            HTCommunicationInfo _communicationInfo.socketInfo = new HTSocketInfo(){ IP = "192.168.1.35", Port = 8080};
            _HTPower.Init(_communicationInfo);
            _HTPower.GetConnect();
            </summary>
        </member>
        <member name="M:HYC.HTPower.HTPowerFactory.GetPowers">
            <summary>
            加载可用的光源控制器类型
            </summary>
        </member>
        <member name="M:HYC.HTPower.HTPowerFactory.CreatePower(System.String)">
            <summary>
            反射创建光源控制器实例
            </summary>
            <param name="PowerName"></param>
            <returns></returns>
        </member>
        <member name="M:HYC.HTPower.HTPowerUserCtrl.#ctor">
            <summary>
            构造函数
            </summary>
        </member>
        <member name="M:HYC.HTPower.HTPowerUserCtrl.InitUserCtrl(HYC.HTPower.IHTPower)">
            <summary>
            初始化控件
            </summary>
            <param name="powerMan">实例</param>
        </member>
        <member name="F:HYC.HTPower.HTPowerUserCtrl.components">
            <summary> 
            必需的设计器变量。
            </summary>
        </member>
        <member name="M:HYC.HTPower.HTPowerUserCtrl.Dispose(System.Boolean)">
            <summary> 
            清理所有正在使用的资源。
            </summary>
            <param name="disposing">如果应释放托管资源，为 true；否则为 false。</param>
        </member>
        <member name="M:HYC.HTPower.HTPowerUserCtrl.InitializeComponent">
            <summary> 
            设计器支持所需的方法 - 不要修改
            使用代码编辑器修改此方法的内容。
            </summary>
        </member>
        <member name="T:HYC.HTPower.IHTPower">
            <summary>
            光源控制器接口
            Exapmle P9F:
            IHTPower _HTPower = HTPowerFactory.CreatePower("P9F");
            HTCommunicationInfo _communicationInfo.socketInfo = new HTSocketInfo(){ IP = "192.168.1.35", Port = 8080};
            _HTPower.Init(_communicationInfo);
            _HTPower.GetConnect();
            </summary>
        </member>
        <member name="P:HYC.HTPower.IHTPower.Name">
            <summary>
            光源控制器的用户别名
            </summary>
        </member>
        <member name="P:HYC.HTPower.IHTPower.PowerIndex">
            <summary>
            光源控制器的序号
            </summary>
        </member>
        <member name="P:HYC.HTPower.IHTPower.MaxChannel">
            <summary>
            光源控制器最大通道数
            </summary>
        </member>
        <member name="P:HYC.HTPower.IHTPower.PowerWorkMode">
            <summary>
            光源控制器的控制类型
            </summary>
        </member>
        <member name="M:HYC.HTPower.IHTPower.GetConnect">
            <summary>
            获取光源控制器的连接状态
            </summary>
        </member>
        <member name="M:HYC.HTPower.IHTPower.Init(HYC.HTPower.HTCommunicationInfo)">
            <summary>
            光源控制器初始化，需要传入socket和serialport参数
            </summary>
            <returns></returns>
        </member>
        <member name="M:HYC.HTPower.IHTPower.Uninit">
            <summary>
            释放光源控制器
            </summary>
            <returns></returns>
        </member>
        <member name="M:HYC.HTPower.IHTPower.PowerOn(HYC.HTPower.HTPowerChannel,System.Single)">
            <summary>
            打开光源控制器(电流打开和电压打开没有区别)
            </summary>
            <param name="channel">通道号</param>
            <param name="value">亮度参数，JL控制器需要，其他控制器可缺省</param>
            <returns></returns>
        </member>
        <member name="M:HYC.HTPower.IHTPower.PowerOff(HYC.HTPower.HTPowerChannel)">
            <summary>
            关闭光源控制器
            </summary>
            <param name="channel">通道号</param>
            <returns></returns>
        </member>
        <member name="M:HYC.HTPower.IHTPower.BrightnessSet(HYC.HTPower.HTPowerChannel,System.Single)">
            <summary>
            设置光源控制器电流参数
            </summary>
            <param name="channel">通道号</param>
            <param name="value">参数</param>
            <returns></returns>
        </member>
        <member name="M:HYC.HTPower.IHTPower.BrightnessGet(HYC.HTPower.HTPowerChannel,System.Single@)">
            <summary>
            获取光源控制器电流参数
            </summary>
            <param name="channel">通道号</param>
            <param name="value">参数</param>
            <returns></returns>
        </member>
        <member name="M:HYC.HTPower.IHTPower.PowerVoltageSet(HYC.HTPower.HTPowerChannel,System.Single)">
            <summary>
            设置光源控制器电压参数
            </summary>
            <param name="channel">通道号</param>
            <param name="value">参数</param>
            <returns></returns>
        </member>
        <member name="M:HYC.HTPower.IHTPower.PowerVoltageGet(HYC.HTPower.HTPowerChannel,System.Single@)">
            <summary>
            获取光源控制器电压参数
            </summary>
            <param name="channel">通道号</param>
            <param name="value">参数</param>
            <returns></returns>
        </member>
        <member name="P:HYC.HTPower.Powers.HTPowerBXYZ.Name">
            <summary>
            光源控制器的用户别名
            </summary>
        </member>
        <member name="P:HYC.HTPower.Powers.HTPowerBXYZ.PowerIndex">
            <summary>
            光源控制器的序号
            </summary>
        </member>
        <member name="P:HYC.HTPower.Powers.HTPowerBXYZ.MaxChannel">
            <summary>
            光源控制器最大通道数
            </summary>
        </member>
        <member name="P:HYC.HTPower.Powers.HTPowerBXYZ.PowerWorkMode">
            <summary>
            光源控制器的工作模式
            </summary>
        </member>
        <member name="M:HYC.HTPower.Powers.HTPowerBXYZ.GetConnect">
            <summary>
            获取光源控制器的连接状态
            </summary>
        </member>
        <member name="M:HYC.HTPower.Powers.HTPowerBXYZ.Init(HYC.HTPower.HTCommunicationInfo)">
            <summary>
            初始化，支持串口或网口通讯
            </summary>
            <returns></returns>
        </member>
        <member name="M:HYC.HTPower.Powers.HTPowerBXYZ.Uninit">
            <summary>
            释放光源控制器
            </summary>
            <returns></returns>
        </member>
        <member name="M:HYC.HTPower.Powers.HTPowerBXYZ.PowerOn(HYC.HTPower.HTPowerChannel,System.Single)">
            <summary>
            打开光源控制器
            </summary>
            <param name="channel">通道号</param>
            <param name="value">亮度参数，可缺省</param>
            <returns></returns>
        </member>
        <member name="M:HYC.HTPower.Powers.HTPowerBXYZ.PowerOff(HYC.HTPower.HTPowerChannel)">
            <summary>
            关闭光源控制器
            </summary>
            <returns></returns>
        </member>
        <member name="M:HYC.HTPower.Powers.HTPowerBXYZ.BrightnessSet(HYC.HTPower.HTPowerChannel,System.Single)">
            <summary>
            设置光源控制器参数
            </summary>
            <param name="channel">通道号</param>
            <param name="value">参数</param>
            <returns></returns>
        </member>
        <member name="M:HYC.HTPower.Powers.HTPowerBXYZ.BrightnessGet(HYC.HTPower.HTPowerChannel,System.Single@)">
            <summary>
            获取光源控制器参数
            </summary>
            <param name="channel">通道号</param>
            <param name="value">参数</param>
            <returns></returns>
        </member>
        <member name="M:HYC.HTPower.Powers.HTPowerBXYZ.PowerVoltageSet(HYC.HTPower.HTPowerChannel,System.Single)">
            <summary>
            设置光源控制器电压参数
            </summary>
            <param name="channel">通道号</param>
            <param name="value">参数</param>
            <returns></returns>
        </member>
        <member name="M:HYC.HTPower.Powers.HTPowerBXYZ.PowerVoltageGet(HYC.HTPower.HTPowerChannel,System.Single@)">
            <summary>
            获取光源控制器电压参数
            </summary>
            <param name="channel">通道号</param>
            <param name="value">参数</param>
            <returns></returns>
        </member>
        <member name="M:HYC.HTPower.Powers.HTPowerBXYZ.PowerEnableToPower(HYC.HTPower.Powers.HTPowerBXYZ.BXYZPowerConfig,System.Boolean)">
            <summary>
            通道开关
            </summary>
            <returns></returns>
        </member>
        <member name="M:HYC.HTPower.Powers.HTPowerBXYZ.BrightnessToPower(HYC.HTPower.Powers.HTPowerBXYZ.BXYZPowerConfig)">
            <summary>
            亮度控制
            </summary>
            <returns></returns>
        </member>
        <member name="M:HYC.HTPower.Powers.HTPowerBXYZ.GetConfigFromPower(HYC.HTPower.Powers.HTPowerBXYZ.BXYZPowerConfig@)">
            <summary>
            读取当前配置
            </summary>
            <param name="pc"></param>
            <returns></returns>
        </member>
        <member name="M:HYC.HTPower.Powers.HTPowerBXYZ.Socket_OnDataEvent(System.Object,HYC.HTCommunication.SocketWrapper.SocketEventArgs)">
            <summary>
            光源控制器回调事件
            </summary>
            <param name="sender"></param>
            <param name="socketEventArgs"></param>
        </member>
        <member name="P:HYC.HTPower.Powers.HTPowerBXYZ.BXYZPowerConfig.Channel">
            <summary>
            通道
            </summary>
        </member>
        <member name="P:HYC.HTPower.Powers.HTPowerBXYZ.BXYZPowerConfig.Enable">
            <summary>
            通道开关
            </summary>
        </member>
        <member name="P:HYC.HTPower.Powers.HTPowerBXYZ.BXYZPowerConfig.Mode">
            <summary>
            工作模式
            </summary>
        </member>
        <member name="P:HYC.HTPower.Powers.HTPowerBXYZ.BXYZPowerConfig.OverMode">
            <summary>
            超电流
            </summary>
        </member>
        <member name="P:HYC.HTPower.Powers.HTPowerBXYZ.BXYZPowerConfig.Brightness">
            <summary>
            亮度 0~FF
            </summary>
        </member>
        <member name="P:HYC.HTPower.Powers.HTPowerBXYZ.BXYZPowerConfig.LuminescenceTime">
            <summary>
            发光时间 0~FFFF 单位10微妙
            </summary>
        </member>
        <member name="P:HYC.HTPower.Powers.HTPowerBXYZ.BXYZPowerConfig.LuminescenceDelay">
            <summary>
            发光延时 0~FFFF 单位10微妙
            </summary>
        </member>
        <member name="P:HYC.HTPower.Powers.HTPowerBXYZ.BXYZPowerConfig.TwinkleCount">
            <summary>
            闪烁次数 0~FFFF   0为一直闪烁
            </summary>
        </member>
        <member name="P:HYC.HTPower.Powers.HTPowerBXYZ.BXYZPowerConfig.TriggerOutDelay">
            <summary>
            触发输出延迟 0~FFFF 必须小于发光时间
            </summary>
        </member>
        <member name="P:HYC.HTPower.Powers.HTPowerBXYZ_NIGLINB.Name">
            <summary>
            光源控制器的用户别名
            </summary>
        </member>
        <member name="P:HYC.HTPower.Powers.HTPowerBXYZ_NIGLINB.PowerIndex">
            <summary>
            光源控制器的序号
            </summary>
        </member>
        <member name="P:HYC.HTPower.Powers.HTPowerBXYZ_NIGLINB.MaxChannel">
            <summary>
            光源控制器最大通道数
            </summary>
        </member>
        <member name="P:HYC.HTPower.Powers.HTPowerBXYZ_NIGLINB.PowerWorkMode">
            <summary>
            光源控制器的工作模式
            </summary>
        </member>
        <member name="M:HYC.HTPower.Powers.HTPowerBXYZ_NIGLINB.GetConnect">
            <summary>
            获取光源控制器的连接状态
            </summary>
        </member>
        <member name="M:HYC.HTPower.Powers.HTPowerBXYZ_NIGLINB.Init(HYC.HTPower.HTCommunicationInfo)">
            <summary>
            初始化，只支持网络通讯
            读取设备参数
            </summary>
            <returns></returns>
        </member>
        <member name="M:HYC.HTPower.Powers.HTPowerBXYZ_NIGLINB.Uninit">
            <summary>
            释放光源控制器
            </summary>
            <returns></returns>
        </member>
        <member name="M:HYC.HTPower.Powers.HTPowerBXYZ_NIGLINB.PowerOn(HYC.HTPower.HTPowerChannel,System.Single)">
            <summary>
            打开光源控制器,全部非零亮度的光源通道，或单个非零亮度的通道亮
            </summary>
            <param name="channel">通道号</param>
            <param name="value">亮度参数，缺省为0，不作用</param>
            <returns></returns>
        </member>
        <member name="M:HYC.HTPower.Powers.HTPowerBXYZ_NIGLINB.PowerOff(HYC.HTPower.HTPowerChannel)">
            <summary>
            关闭光源控制器，选择全部通道，全灭，选择单个通道，将该通道灭掉
            </summary>
            <returns></returns>
        </member>
        <member name="M:HYC.HTPower.Powers.HTPowerBXYZ_NIGLINB.BrightnessSet(HYC.HTPower.HTPowerChannel,System.Single)">
            <summary>
            设置亮度参数，会关闭所有光源，超过最大亮度，返回错误
            </summary>
            <param name="channel">通道号</param>
            <param name="value">亮度</param>
            <returns></returns>
        </member>
        <member name="M:HYC.HTPower.Powers.HTPowerBXYZ_NIGLINB.BrightnessGet(HYC.HTPower.HTPowerChannel,System.Single@)">
            <summary>
            获取光源控制器参数，从缓存中读取
            </summary>
            <param name="channel">通道号</param>
            <param name="value">亮度</param>
            <returns></returns>
        </member>
        <member name="M:HYC.HTPower.Powers.HTPowerBXYZ_NIGLINB.PowerVoltageSet(HYC.HTPower.HTPowerChannel,System.Single)">
            <summary>
            设置光源控制器电压参数
            </summary>
            <param name="channel">通道号</param>
            <param name="value">参数</param>
            <returns></returns>
        </member>
        <member name="M:HYC.HTPower.Powers.HTPowerBXYZ_NIGLINB.PowerVoltageGet(HYC.HTPower.HTPowerChannel,System.Single@)">
            <summary>
            获取光源控制器电压参数
            </summary>
            <param name="channel">通道号</param>
            <param name="value">参数</param>
            <returns></returns>
        </member>
        <member name="M:HYC.HTPower.Powers.HTPowerBXYZ_NIGLINB.PowerConfigInit(HYC.HTPower.Powers.HTPowerBXYZ_NIGLINB.BXYZNIGLINBPowerConfig)">
            <summary>
            读取当前设备控制参数
            </summary>
        </member>
        <member name="M:HYC.HTPower.Powers.HTPowerBXYZ_NIGLINB.ConvertToBXYZChannel(HYC.HTPower.HTPowerChannel)">
            <summary>
            通道转换
            </summary>
            <param name="channel"></param>
            <returns></returns>
        </member>
        <member name="M:HYC.HTPower.Powers.HTPowerBXYZ_NIGLINB.MaxLightCalculate(System.Int32,HYC.HTPower.Powers.HTPowerBXYZ_NIGLINB.BXYZNIGLINBPowerConfig)">
            <summary>
            计算最大亮度（发光时间）,由频率、切换数计算，且小于80
            </summary>
            <param name="freqency">频率，由BXYZ操作软件更改</param>
            <returns></returns>
        </member>
        <member name="M:HYC.HTPower.Powers.HTPowerBXYZ_NIGLINB.delegateRecvInfoMultDevice(System.String)">
            <summary>
            消息触发，返回全局消息字符串
            </summary>
            <param name="msg"></param>
        </member>
        <member name="M:HYC.HTPower.Powers.HTPowerBXYZ_NIGLINB.PowerCommunicating(HYC.HTPower.Powers.HTPowerBXYZ_NIGLINB.BXYZNIGLINBPowerConfig,System.Boolean)">
            <summary>
            通讯流程,默认同步线程
            </summary>
            <param name="pc">输入 设置参数 DLCPowerConfig</param>
            <param name="asyn">同步</param>
            <returns></returns>
        </member>
        <member name="M:HYC.HTPower.Powers.HTPowerBXYZ_NIGLINB.PackingCmdData(HYC.HTPower.Powers.HTPowerBXYZ_NIGLINB.BXYZNIGLINBPowerConfig)">
            <summary>
            打包指令
            </summary>
            <param name="pc"></param>
            <returns></returns>
        </member>
        <member name="M:HYC.HTPower.Powers.HTPowerBXYZ_NIGLINB.Send(System.String,System.Boolean)">
            <summary>
            发送指令
            </summary>
            <param name="cmd"></param>
            <param name="asyn"></param>
            <returns></returns>
        </member>
        <member name="M:HYC.HTPower.Powers.HTPowerBXYZ_NIGLINB.UnpackingRecvCode(System.String,HYC.HTPower.Powers.HTPowerBXYZ_NIGLINB.BXYZNIGLINBPowerConfig)">
            <summary>
            解析返回的数据码
            </summary>
            <param name="recvCode"></param>
            <param name="pc"></param>
            <returns></returns>
        </member>
        <member name="M:HYC.HTPower.Powers.HTPowerBXYZ_NIGLINB.ParseDevcieTypeWithSNCode(System.String[],HYC.HTPower.Powers.HTPowerBXYZ_NIGLINB.BXYZNIGLINBPowerConfig)">
            <summary>
            从SN码解析设备类型
            </summary>
            <param name="SNCode"></param>
            <param name="pc"></param>
            <returns></returns>
        </member>
        <member name="M:HYC.HTPower.Powers.HTPowerBXYZ_NIGLINB.ParseChangeChannelCount(System.Collections.Generic.List{BX_struct_space._stuPulseCurve})">
            <summary>
            脉冲输出曲线名称TGN，曲线段list个数为切换通道数
            </summary>
            <param name="lstCurves"></param>
            <returns></returns>
        </member>
        <member name="M:HYC.HTPower.Powers.HTPowerBXYZ_NIGLINB.ParseImpulseCurves(System.Collections.Generic.List{BX_struct_space._stuPulseCurve},HYC.HTPower.Powers.HTPowerBXYZ_NIGLINB.BXYZNIGLINBPowerConfig)">
            <summary>
            从切换器参数中解析脉冲曲线、切换通道数、周期
            </summary>
            <param name="lstCurves"></param>
            <param name="pc"></param>
            <returns></returns>
        </member>
        <member name="M:HYC.HTPower.Powers.HTPowerBXYZ_NIGLINB.MakeOneBrightLightOn(System.Collections.Generic.List{BX_struct_space._stuPulseCurve},System.Int32,HYC.HTPower.Powers.HTPowerBXYZ_NIGLINB.BXYZNIGLINBPowerConfig)">
            <summary>
            该通道亮度非零，亮且只亮此通道
            </summary>
            <param name="lstImpulseCurves"></param>
            <param name="channel"></param>
            <param name="pc"></param>
            <returns></returns>
        </member>
        <member name="M:HYC.HTPower.Powers.HTPowerBXYZ_NIGLINB.MakeOneBrightLightOff(System.Collections.Generic.List{BX_struct_space._stuPulseCurve},HYC.HTPower.Powers.HTPowerBXYZ_NIGLINB.BXYZNIGLINBPowerConfig)">
            <summary>
            移除一条亮度曲线，并设置切换参数
            </summary>
            <param name="lstImpulseCurves"></param>
            <param name="channel"></param>
            <param name="pc"></param>
            <returns></returns>
        </member>
        <member name="M:HYC.HTPower.Powers.HTPowerBXYZ_NIGLINB.ImpulseCureAdd(System.Collections.Generic.List{HYC.HTPower.Powers.HTPowerBXYZ_NIGLINB.ImpulseCurve},System.Collections.Generic.List{BX_struct_space._stuPulseCurve},System.Int32)">
            <summary>
            添加缓存脉冲曲线至指令脉冲曲线
            </summary>
            <param name="cacheImpulseCurves"></param>
            <param name="cmdImpulseCurves"></param>
            <param name="channel"></param>
        </member>
        <member name="M:HYC.HTPower.Powers.HTPowerBXYZ_NIGLINB.MakeAllBrightLightOn(System.Collections.Generic.List{BX_struct_space._stuPulseCurve},System.Int32,HYC.HTPower.Powers.HTPowerBXYZ_NIGLINB.BXYZNIGLINBPowerConfig)">
            <summary>
            所有非零亮度的脉冲曲线
            </summary>
            <param name="lstImpulseCurves"></param>
            <param name="channel"></param>
            <param name="pc"></param>
            <returns></returns>
        </member>
        <member name="M:HYC.HTPower.Powers.HTPowerBXYZ_NIGLINB.TriggerCtrlContinueLightSet(HYC.HTPower.Powers.HTPowerBXYZ_NIGLINB.BXYZNIGLINBPowerConfig)">
            <summary>
            触发器连续输出：连续+软触发
            </summary>
            <param name="pc"></param>
            <returns></returns>
        </member>
        <member name="M:HYC.HTPower.Powers.HTPowerBXYZ_NIGLINB.BrightnessChannelSet(System.Collections.Generic.List{BX_struct_space._stuPulseCurve},System.Int32,System.Int32,HYC.HTPower.Powers.HTPowerBXYZ_NIGLINB.BXYZNIGLINBPowerConfig)">
            <summary>
            新增或修改非零亮度的通道光源脉冲曲线
            </summary>
            <param name="chn"></param>
            <param name="value"></param>
            <returns></returns>
        </member>
        <member name="T:HYC.HTPower.Powers.HTPowerBXYZ_NIGLINB.ImpulseCurve">
            <summary>
            4个通道时，有4个脉冲曲线，每个脉冲曲线分4段，每段参数包括：发光延时、发光时间、输出延时、输出时间,若发光，取第1段,若不发光，0段
            4通道全部输出，灯的亮灭由发光时间即亮度控制
            </summary>
        </member>
        <member name="P:HYC.HTPower.Powers.HTPowerBXYZ_NIGLINB.ImpulseCurve.Channel">
            <summary>
            通道
            </summary>
        </member>
        <member name="P:HYC.HTPower.Powers.HTPowerBXYZ_NIGLINB.ImpulseCurve.Brightness">
            <summary>
            亮度（发光时间）
            </summary>
        </member>
        <member name="P:HYC.HTPower.Powers.HTPowerBXYZ_NIGLINB.ImpulseCurve.LightDelay">
            <summary>
            发光延时
            </summary>
        </member>
        <member name="P:HYC.HTPower.Powers.HTPowerBXYZ_NIGLINB.ImpulseCurve.Enable">
            <summary>
            通道开关
            </summary>
        </member>
        <member name="T:HYC.HTPower.Powers.HTPowerBXYZ_NIGLINB.BXYZNIGLINBPowerConfig">
            <summary>
            设备配置属性
            </summary>
        </member>
        <member name="P:HYC.HTPower.Powers.HTPowerBXYZ_NIGLINB.BXYZNIGLINBPowerConfig.ImpulseCurves">
            <summary>
            脉冲曲线
            </summary>
        </member>
        <member name="P:HYC.HTPower.Powers.HTPowerBXYZ_NIGLINB.BXYZNIGLINBPowerConfig.MaxLightValue">
            <summary>
            可调亮度最大范围，即发光时间，光源脉冲宽度，由频率、通道数、最大发光时间限制
            </summary>
        </member>
        <member name="P:HYC.HTPower.Powers.HTPowerBXYZ_NIGLINB.BXYZNIGLINBPowerConfig.ImpulsePeriod">
            <summary>
            脉冲周期
            </summary>
        </member>
        <member name="P:HYC.HTPower.Powers.HTPowerBXYZ_NIGLINB.BXYZNIGLINBPowerConfig.ChangeChannelCount">
            <summary>
            切换器的切换通道数
            </summary>
        </member>
        <member name="P:HYC.HTPower.Powers.HTPowerBXYZ_NIGLINB.BXYZNIGLINBPowerConfig.DeviceType">
            <summary>
            设备类型，代表控制器精度，精度为0.5时设置为eDeviceType.Type0_5，精度为0.1时设置为eDeviceType.Type0_1
            </summary>
        </member>
        <member name="P:HYC.HTPower.Powers.HTPowerBXYZ_NIGLINB.BXYZNIGLINBPowerConfig.Cmd">
            <summary>
            指令状态
            </summary>
        </member>
        <member name="T:HYC.HTPower.Powers.HTPowerBXYZ_NIGLINB.BXYZNIGLINBPowerChannel">
            <summary>
            光源通道编号
            </summary>
        </member>
        <member name="T:HYC.HTPower.Powers.HTPowerBXYZ_NIGLINB.NIGLINBPowerCMD">
            <summary>
            命令码
            </summary>
        </member>
        <member name="T:HYC.HTPower.Powers.HTPowerBXYZ_NIGLINB.DeviceIPVerify">
            <summary>
            设备IP确认
            </summary>
        </member>
        <member name="T:HYC.HTPower.Powers.HTPowerBXYZ_NIGLINB.SNCode">
            <summary>
            SN号中的含义
            </summary>
        </member>
        <member name="P:HYC.HTPower.Powers.HTPowerDLC.Name">
            <summary>
            光源控制器的用户别名
            </summary>
        </member>
        <member name="P:HYC.HTPower.Powers.HTPowerDLC.PowerIndex">
            <summary>
            光源控制器的序号
            </summary>
        </member>
        <member name="P:HYC.HTPower.Powers.HTPowerDLC.MaxChannel">
            <summary>
            光源控制器最大通道数
            </summary>
        </member>
        <member name="P:HYC.HTPower.Powers.HTPowerDLC.PowerWorkMode">
            <summary>
            光源控制器的工作模式
            </summary>
        </member>
        <member name="M:HYC.HTPower.Powers.HTPowerDLC.GetConnect">
            <summary>
            获取光源控制器的连接状态
            </summary>
        </member>
        <member name="M:HYC.HTPower.Powers.HTPowerDLC.Init(HYC.HTPower.HTCommunicationInfo)">
            <summary>
            初始化，只支持网络通讯
            </summary>
            <returns></returns>
        </member>
        <member name="M:HYC.HTPower.Powers.HTPowerDLC.Uninit">
            <summary>
            释放光源控制器
            </summary>
            <returns></returns>
        </member>
        <member name="M:HYC.HTPower.Powers.HTPowerDLC.PowerOn(HYC.HTPower.HTPowerChannel,System.Single)">
            <summary>
            打开光源控制器
            </summary>
            <param name="channel">通道号</param>
            <param name="value">亮度参数，可缺省</param>
            <returns></returns>
        </member>
        <member name="M:HYC.HTPower.Powers.HTPowerDLC.PowerOff(HYC.HTPower.HTPowerChannel)">
            <summary>
            关闭光源控制器
            </summary>
            <param name="channel">通道号</param>
            <returns></returns>
        </member>
        <member name="M:HYC.HTPower.Powers.HTPowerDLC.BrightnessSet(HYC.HTPower.HTPowerChannel,System.Single)">
            <summary>
            设置光源控制器参数
            </summary>
            <param name="channel">通道号</param>
            <param name="value">参数</param>
            <returns></returns>
        </member>
        <member name="M:HYC.HTPower.Powers.HTPowerDLC.BrightnessGet(HYC.HTPower.HTPowerChannel,System.Single@)">
            <summary>
            获取光源控制器参数
            </summary>
            <param name="channel">通道号</param>
            <param name="value">参数</param>
            <returns></returns>
        </member>
        <member name="M:HYC.HTPower.Powers.HTPowerDLC.PowerVoltageSet(HYC.HTPower.HTPowerChannel,System.Single)">
            <summary>
            设置光源控制器电压参数
            </summary>
            <param name="channel">通道号</param>
            <param name="value">参数</param>
            <returns></returns>
        </member>
        <member name="M:HYC.HTPower.Powers.HTPowerDLC.PowerVoltageGet(HYC.HTPower.HTPowerChannel,System.Single@)">
            <summary>
            获取光源控制器电压参数
            </summary>
            <param name="channel">通道号</param>
            <param name="value">参数</param>
            <returns></returns>
        </member>
        <member name="M:HYC.HTPower.Powers.HTPowerDLC.ConvertToDLCChannel(HYC.HTPower.HTPowerChannel)">
            <summary>
            标准通道编码转DLC通道编码
            </summary>
            <param name="channel"></param>[0-7] FF
            <returns></returns> [1-8] FF
        </member>
        <member name="M:HYC.HTPower.Powers.HTPowerDLC.PowerCommunicating(HYC.HTPower.Powers.HTPowerDLC.DLCPowerConfig,System.Boolean)">
            <summary>
            通讯流程：打包-发送-接收-解码
            </summary>
            <param name="pc">输入 设置参数 DLCPowerConfig</param>
            <param name="asyn">同步</param>
            <returns></returns>
        </member>
        <member name="M:HYC.HTPower.Powers.HTPowerDLC.PackingCmdData(HYC.HTPower.Powers.HTPowerDLC.DLCPowerConfig)">
            <summary>
            打包指令数据
            </summary>
            <param name="pc">DLCPowerConfig</param>
            <returns>
            byte[] 配置数据
            </returns>
        </member>
        <member name="M:HYC.HTPower.Powers.HTPowerDLC.UnpackingRecvCode(System.String)">
            <summary>
            解析返回的数据码
            </summary>
            <param name="_curRecvTxt"></param>
            <returns></returns>
        </member>
        <member name="M:HYC.HTPower.Powers.HTPowerDLC.Send(System.Byte[],System.Boolean)">
            <summary>
            发送指令
            </summary>
            <param name="cmd"></param>
            <param name="asyn"></param>
            <returns></returns>
        </member>
        <member name="M:HYC.HTPower.Powers.HTPowerDLC.CheckSum(System.String)">
            <summary>
            校验和,未定义,返回00
            </summary>
            <param name="str">string</param>
            <returns></returns>
        </member>
        <member name="M:HYC.HTPower.Powers.HTPowerDLC.Socket_OnDataEvent(System.Object,HYC.HTCommunication.SocketWrapper.SocketEventArgs)">
            <summary>
            光源控制器回调事件
            </summary>
            <param name="sender"></param>
            <param name="socketEventArgs"></param>
        </member>
        <member name="T:HYC.HTPower.Powers.HTPowerDLC.DLCPowerChannel">
            <summary>
            通道编码
            </summary>
        </member>
        <member name="T:HYC.HTPower.Powers.HTPowerDLC.DLCPowerCMDEnum">
            <summary>
            命令码
            </summary>
        </member>
        <member name="T:HYC.HTPower.Powers.HTPowerDLC.DLCPowerConfig">
            <summary>
            DLC指令配置
            </summary>
        </member>
        <member name="P:HYC.HTPower.Powers.HTPowerDLC.DLCPowerConfig.Channel">
            <summary>
            通道
            </summary>
        </member>
        <member name="P:HYC.HTPower.Powers.HTPowerDLC.DLCPowerConfig.Enable">
            <summary>
            通道开关
            </summary>
        </member>
        <member name="P:HYC.HTPower.Powers.HTPowerDLC.DLCPowerConfig.Brightness">
            <summary>
            亮度 0~FF
            </summary>
        </member>
        <member name="P:HYC.HTPower.Powers.HTPowerDLC.DLCPowerConfig.AnswerErr">
            <summary>
            返回错误码，0成功，其它为错误原因
            </summary>
        </member>
        <member name="P:HYC.HTPower.Powers.HTPowerEmulator.Name">
            <summary>
            光源控制器的用户别名
            </summary>
        </member>
        <member name="P:HYC.HTPower.Powers.HTPowerEmulator.PowerIndex">
            <summary>
            光源控制器的序号
            </summary>
        </member>
        <member name="P:HYC.HTPower.Powers.HTPowerEmulator.MaxChannel">
            <summary>
            光源控制器最大通道数
            </summary>
        </member>
        <member name="P:HYC.HTPower.Powers.HTPowerEmulator.PowerWorkMode">
            <summary>
            光源控制器的工作模式
            </summary>
        </member>
        <member name="M:HYC.HTPower.Powers.HTPowerEmulator.GetConnect">
            <summary>
            获取光源控制器的连接状态
            </summary>
        </member>
        <member name="M:HYC.HTPower.Powers.HTPowerEmulator.Init(HYC.HTPower.HTCommunicationInfo)">
            <summary>
            初始化，支持串口或网络通讯
            </summary>
            <returns></returns>
        </member>
        <member name="M:HYC.HTPower.Powers.HTPowerEmulator.Uninit">
            <summary>
            释放光源控制器
            </summary>
            <returns></returns>
        </member>
        <member name="M:HYC.HTPower.Powers.HTPowerEmulator.PowerOn(HYC.HTPower.HTPowerChannel,System.Single)">
            <summary>
            打开光源控制器
            </summary>
            <param name="channel">通道号</param>
            <param name="value">亮度参数，可缺省</param>
            <returns></returns>
        </member>
        <member name="M:HYC.HTPower.Powers.HTPowerEmulator.PowerOff(HYC.HTPower.HTPowerChannel)">
            <summary>
            关闭光源控制器
            </summary>
            <param name="channel">通道号</param>
            <returns></returns>
        </member>
        <member name="M:HYC.HTPower.Powers.HTPowerEmulator.BrightnessSet(HYC.HTPower.HTPowerChannel,System.Single)">
            <summary>
            设置光源控制器参数
            </summary>
            <param name="channel">通道号</param>
            <param name="value">参数</param>
            <returns></returns>
        </member>
        <member name="M:HYC.HTPower.Powers.HTPowerEmulator.BrightnessGet(HYC.HTPower.HTPowerChannel,System.Single@)">
            <summary>
            获取光源控制器参数
            </summary>
            <param name="channel">通道号</param>
            <param name="value">参数</param>
            <returns></returns>
        </member>
        <member name="M:HYC.HTPower.Powers.HTPowerEmulator.PowerVoltageSet(HYC.HTPower.HTPowerChannel,System.Single)">
            <summary>
            设置光源控制器电压参数
            </summary>
            <param name="channel">通道号</param>
            <param name="value">参数</param>
            <returns></returns>
        </member>
        <member name="M:HYC.HTPower.Powers.HTPowerEmulator.PowerVoltageGet(HYC.HTPower.HTPowerChannel,System.Single@)">
            <summary>
            获取光源控制器电压参数
            </summary>
            <param name="channel">通道号</param>
            <param name="value">参数</param>
            <returns></returns>
        </member>
        <member name="P:HYC.HTPower.Powers.HTPowerJL.Name">
            <summary>
            光源控制器的用户别名
            </summary>
        </member>
        <member name="P:HYC.HTPower.Powers.HTPowerJL.PowerIndex">
            <summary>
            光源控制器的序号
            </summary>
        </member>
        <member name="P:HYC.HTPower.Powers.HTPowerJL.MaxChannel">
            <summary>
            光源控制器最大通道数
            </summary>
        </member>
        <member name="P:HYC.HTPower.Powers.HTPowerJL.PowerWorkMode">
            <summary>
            光源控制器的工作模式
            </summary>
        </member>
        <member name="M:HYC.HTPower.Powers.HTPowerJL.GetConnect">
            <summary>
            获取光源控制器的连接状态
            </summary>
        </member>
        <member name="M:HYC.HTPower.Powers.HTPowerJL.Init(HYC.HTPower.HTCommunicationInfo)">
            <summary>
            初始化，只支持串口通讯
            </summary>
            <returns></returns>
        </member>
        <member name="M:HYC.HTPower.Powers.HTPowerJL.Uninit">
            <summary>
            释放光源控制器
            </summary>
            <returns></returns>
        </member>
        <member name="M:HYC.HTPower.Powers.HTPowerJL.PowerOn(HYC.HTPower.HTPowerChannel,System.Single)">
            <summary>
            打开光源控制器
            </summary>
            <param name="channel">通道号</param>
            <param name="value">亮度参数</param>
            <returns></returns>
        </member>
        <member name="M:HYC.HTPower.Powers.HTPowerJL.PowerOff(HYC.HTPower.HTPowerChannel)">
            <summary>
            关闭光源控制器
            </summary>
            <returns></returns>
        </member>
        <member name="M:HYC.HTPower.Powers.HTPowerJL.BrightnessSet(HYC.HTPower.HTPowerChannel,System.Single)">
            <summary>
            设置光源控制器参数
            </summary>
            <param name="channel">通道号</param>
            <param name="value">参数</param>
            <returns></returns>
        </member>
        <member name="M:HYC.HTPower.Powers.HTPowerJL.BrightnessGet(HYC.HTPower.HTPowerChannel,System.Single@)">
            <summary>
            获取光源控制器参数
            </summary>
            <param name="channel">通道号</param>
            <param name="value">参数</param>
            <returns></returns>
        </member>
        <member name="M:HYC.HTPower.Powers.HTPowerJL.PowerVoltageSet(HYC.HTPower.HTPowerChannel,System.Single)">
            <summary>
            设置光源控制器电压参数
            </summary>
            <param name="channel">通道号</param>
            <param name="value">参数</param>
            <returns></returns>
        </member>
        <member name="M:HYC.HTPower.Powers.HTPowerJL.PowerVoltageGet(HYC.HTPower.HTPowerChannel,System.Single@)">
            <summary>
            获取光源控制器电压参数
            </summary>
            <param name="channel">通道号</param>
            <param name="value">参数</param>
            <returns></returns>
        </member>
        <member name="M:HYC.HTPower.Powers.HTPowerJL.Send(System.Byte[])">
            <summary>
            发送串口数据
            </summary>
            <param name="data"></param>
            <returns></returns>
        </member>
        <member name="M:HYC.HTPower.Powers.HTPowerJL.Comm_OnDataEvent(System.Object,HYC.HTCommunication.SerialPortWrapper.SerialPortEventArgs)">
            <summary>
            光源控制器回调事件
            </summary>
            <param name="sender"></param>
            <param name="serialPortEventArgs"></param>
        </member>
        <member name="M:HYC.HTPower.Powers.HTPowerJL.SendAndReceive(System.Byte[],System.Byte[],System.String@)">
            <summary>
            发送指令并接受串口数据
            </summary>
            <param name="bt"></param>
            <param name="bt2"></param>
            <param name="str">串口数据</param>
            <returns></returns>
        </member>
        <member name="P:HYC.HTPower.Powers.HTPowerP9F.Name">
            <summary>
            光源控制器的用户别名
            </summary>
        </member>
        <member name="P:HYC.HTPower.Powers.HTPowerP9F.PowerIndex">
            <summary>
            光源控制器的序号
            </summary>
        </member>
        <member name="P:HYC.HTPower.Powers.HTPowerP9F.MaxChannel">
            <summary>
            光源控制器最大通道数
            </summary>
        </member>
        <member name="M:HYC.HTPower.Powers.HTPowerP9F.GetConnect">
            <summary>
            获取光源控制器的连接状态
            </summary>
        </member>
        <member name="M:HYC.HTPower.Powers.HTPowerP9F.Init(HYC.HTPower.HTCommunicationInfo)">
            <summary>
            初始化
            </summary>
            <returns></returns>
        </member>
        <member name="M:HYC.HTPower.Powers.HTPowerP9F.Uninit">
            <summary>
            释放光源控制器
            </summary>
            <returns></returns>
        </member>
        <member name="M:HYC.HTPower.Powers.HTPowerP9F.PowerOn(HYC.HTPower.HTPowerChannel,System.Single)">
            <summary>
            打开光源控制器
            </summary>
            <param name="channel">通道号</param>
            <param name="value">亮度参数，可缺省</param>
            <returns></returns>
        </member>
        <member name="M:HYC.HTPower.Powers.HTPowerP9F.PowerOff(HYC.HTPower.HTPowerChannel)">
            <summary>
            关闭光源控制器
            </summary>
            <returns></returns>
        </member>
        <member name="M:HYC.HTPower.Powers.HTPowerP9F.BrightnessSet(HYC.HTPower.HTPowerChannel,System.Single)">
            <summary>
            设置亮度参数
            </summary>
            <param name="channel">通道号</param>
            <param name="value">参数</param>
            <returns></returns>
        </member>
        <member name="M:HYC.HTPower.Powers.HTPowerP9F.BrightnessGet(HYC.HTPower.HTPowerChannel,System.Single@)">
            <summary>
            获取亮度参数
            </summary>
            <param name="channel">通道号</param>
            <param name="value">参数</param>
            <returns></returns>
        </member>
        <member name="M:HYC.HTPower.Powers.HTPowerP9F.PowerVoltageSet(HYC.HTPower.HTPowerChannel,System.Single)">
            <summary>
            设置光源控制器电压参数
            </summary>
            <param name="channel">通道号</param>
            <param name="value">参数</param>
            <returns></returns>
        </member>
        <member name="M:HYC.HTPower.Powers.HTPowerP9F.PowerVoltageGet(HYC.HTPower.HTPowerChannel,System.Single@)">
            <summary>
            获取光源控制器电压参数
            </summary>
            <param name="channel">通道号</param>
            <param name="value">参数</param>
            <returns></returns>
        </member>
        <member name="M:HYC.HTPower.Powers.HTPowerP9F.Comm_OnDataEvent(System.Object,HYC.HTCommunication.SerialPortWrapper.SerialPortEventArgs)">
            <summary>
            光源控制器Comm回调事件
            </summary>
            <param name="sender"></param>
            <param name="serialPortEventArgs"></param>
        </member>
        <member name="M:HYC.HTPower.Powers.HTPowerP9F.Socket_Connected(System.Object,HYC.HTCommunication.SocketWrapper.SocketEventArgs)">
            <summary>
            光源控制器Socket回调事件
            </summary>
            <param name="sender"></param>
            <param name="socketEventArgs"></param>
        </member>
        <member name="M:HYC.HTPower.Powers.HTPowerP9F.Socket_Disconnected(System.Object,HYC.HTCommunication.SocketWrapper.SocketEventArgs)">
            <summary>
            光源控制器Socket回调事件
            </summary>
            <param name="sender"></param>
            <param name="socketEventArgs"></param>
        </member>
        <member name="M:HYC.HTPower.Powers.HTPowerP9F.Socket_OnDataEvent(System.Object,HYC.HTCommunication.SocketWrapper.SocketEventArgs)">
            <summary>
            光源控制器Socket回调事件
            </summary>
            <param name="sender"></param>
            <param name="socketEventArgs"></param>
        </member>
        <member name="P:HYC.HTPower.Powers.HTPowerP9E.Name">
            <summary>
            光源控制器的用户别名
            </summary>
        </member>
        <member name="P:HYC.HTPower.Powers.HTPowerP9E.PowerIndex">
            <summary>
            光源控制器的序号
            </summary>
        </member>
        <member name="P:HYC.HTPower.Powers.HTPowerP9E.PowerWorkMode">
            <summary>
            光源控制器的工作模式
            </summary>
        </member>
        <member name="P:HYC.HTPower.Powers.HTPowerP9E.MaxChannel">
            <summary>
            光源控制器最大通道数
            </summary>
        </member>
        <member name="M:HYC.HTPower.Powers.HTPowerP9E.GetConnect">
            <summary>
            获取光源控制器的连接状态
            </summary>
        </member>
        <member name="M:HYC.HTPower.Powers.HTPowerP9E.Init(HYC.HTPower.HTCommunicationInfo)">
            <summary>
            初始化，只支持串口通讯
            </summary>
            <returns></returns>
        </member>
        <member name="M:HYC.HTPower.Powers.HTPowerP9E.Uninit">
            <summary>
            释放光源控制器
            </summary>
            <returns></returns>
        </member>
        <member name="M:HYC.HTPower.Powers.HTPowerP9E.PowerOn(HYC.HTPower.HTPowerChannel,System.Single)">
            <summary>
            打开光源控制器
            </summary>
            <param name="channel">通道号</param>
            <param name="value">亮度参数，可缺省</param>
            <returns></returns>
        </member>
        <member name="M:HYC.HTPower.Powers.HTPowerP9E.PowerOff(HYC.HTPower.HTPowerChannel)">
            <summary>
            关闭光源控制器
            </summary>
            <returns></returns>
        </member>
        <member name="M:HYC.HTPower.Powers.HTPowerP9E.BrightnessSet(HYC.HTPower.HTPowerChannel,System.Single)">
            <summary>
            设置亮度参数
            </summary>
            <param name="channel">通道号</param>
            <param name="value">参数</param>
            <returns></returns>
        </member>
        <member name="M:HYC.HTPower.Powers.HTPowerP9E.BrightnessGet(HYC.HTPower.HTPowerChannel,System.Single@)">
            <summary>
            获取亮度参数
            </summary>
            <param name="channel">通道号</param>
            <param name="value">参数</param>
            <returns></returns>
        </member>
        <member name="M:HYC.HTPower.Powers.HTPowerP9E.PowerVoltageSet(HYC.HTPower.HTPowerChannel,System.Single)">
            <summary>
            设置光源控制器电压参数
            </summary>
            <param name="channel">通道号</param>
            <param name="value">参数</param>
            <returns></returns>
        </member>
        <member name="M:HYC.HTPower.Powers.HTPowerP9E.PowerVoltageGet(HYC.HTPower.HTPowerChannel,System.Single@)">
            <summary>
            获取光源控制器电压参数
            </summary>
            <param name="channel">通道号</param>
            <param name="value">参数</param>
            <returns></returns>
        </member>
        <member name="M:HYC.HTPower.Powers.HTPowerP9E.Comm_OnDataEvent(System.Object,HYC.HTCommunication.SerialPortWrapper.SerialPortEventArgs)">
            <summary>
            光源控制器回调事件
            </summary>
            <param name="sender"></param>
            <param name="serialPortEventArgs"></param>
        </member>
        <member name="M:HYC.HTPower.Powers.HTPowerP9E.Send(System.Byte[])">
            <summary>
            发送串口数据
            </summary>
            <param name="data"></param>
            <returns></returns>
        </member>
    </members>
</doc>
