﻿<?xml version="1.0" encoding="utf-8"?>
<Settings>
  <!-- PLC连接信息 -->
  <Connections>
    <Connection IP="192.168.3.250" Port="8000"/>
    
  </Connections>
  <!-- PLC地址 -->
  <Address>
    <BitWriteStart>M17000</BitWriteStart>
    <BitWriteStart>M17001</BitWriteStart>
    <BitWriteStart>M17002</BitWriteStart>
    <BitWriteStart>M17003</BitWriteStart>
    <BitWriteStart>M17004</BitWriteStart>
    <BitWriteStart>M17005</BitWriteStart>
    <BitReadStart>M16000</BitReadStart>
    <BitReadStart>M16001</BitReadStart>
    <BitReadStart>M16002</BitReadStart>
    <BitReadStart>M16003</BitReadStart>
    
    <RegWriteStart>D30000</RegWriteStart>
    <RegReadStart>D5000</RegReadStart>
    <HandShaking>D5000</HandShaking>
    <HeavyAlarmStart>W00</HeavyAlarmStart>
    <LightAlarmStart>W70</LightAlarmStart>
  </Address>
</Settings>
