<?xml version="1.0"?>
<doc>
    <assembly>
        <name>HYC.HTEQP</name>
    </assembly>
    <members>
        <member name="T:HYC.HTEQP.Controls.Winform.UcEQPStatusWin">
            <summary>
            EQP状态监控显示控件
            </summary>
        </member>
        <member name="M:HYC.HTEQP.Controls.Winform.UcEQPStatusWin.#ctor">
            <summary>
            构造方法
            </summary>
        </member>
        <member name="M:HYC.HTEQP.Controls.Winform.UcEQPStatusWin.InitCtrl(HYC.HTEQP.HTEqpMonitor)">
            <summary>
            初始化控件
            </summary>
            <param name="monitor"></param>
        </member>
        <member name="M:HYC.HTEQP.Controls.Winform.UcEQPStatusWin.timer1_Tick(System.Object,System.EventArgs)">
            <summary>
            定时器，从db中查询数据，显示
            </summary>
            <param name="sender"></param>
            <param name="e"></param>
        </member>
        <member name="M:HYC.HTEQP.Controls.Winform.UcEQPStatusWin.FormatTimeSpan(System.TimeSpan)">
            <summary>
            格式化TimeSpan字符串
            </summary>
            <param name="ts"></param>
            <returns></returns>
        </member>
        <member name="M:HYC.HTEQP.Controls.Winform.UcEQPStatusWin.btnLastDay_Click(System.Object,System.EventArgs)">
            <summary>
            前一天
            </summary>
            <param name="sender"></param>
            <param name="e"></param>
        </member>
        <member name="M:HYC.HTEQP.Controls.Winform.UcEQPStatusWin.btnNextDay_Click(System.Object,System.EventArgs)">
            <summary>
            后一天
            </summary>
            <param name="sender"></param>
            <param name="e"></param>
        </member>
        <member name="M:HYC.HTEQP.Controls.Winform.UcEQPStatusWin.btnToday_Click(System.Object,System.EventArgs)">
            <summary>
            今天
            </summary>
            <param name="sender"></param>
            <param name="e"></param>
        </member>
        <member name="F:HYC.HTEQP.Controls.Winform.UcEQPStatusWin.components">
            <summary> 
            必需的设计器变量。
            </summary>
        </member>
        <member name="M:HYC.HTEQP.Controls.Winform.UcEQPStatusWin.Dispose(System.Boolean)">
            <summary> 
            清理所有正在使用的资源。
            </summary>
            <param name="disposing">如果应释放托管资源，为 true；否则为 false。</param>
        </member>
        <member name="M:HYC.HTEQP.Controls.Winform.UcEQPStatusWin.InitializeComponent">
            <summary> 
            设计器支持所需的方法 - 不要修改
            使用代码编辑器修改此方法的内容。
            </summary>
        </member>
        <member name="T:HYC.HTEQP.DB.DAL.BaseDal">
            <summary>
            数据库查询基类
            </summary>
        </member>
        <member name="F:HYC.HTEQP.DB.DAL.BaseDal.ConnectionString">
            <summary>
            默认的连接字符串
            </summary>
        </member>
        <member name="F:HYC.HTEQP.DB.DAL.BaseDal.db">
            <summary>
            数据库访问对象
            </summary>
        </member>
        <member name="M:HYC.HTEQP.DB.DAL.BaseDal.#ctor">
            <summary>
            构造方法
            </summary>
        </member>
        <member name="M:HYC.HTEQP.DB.DAL.BaseDal.ConvertDbValue(System.Object)">
            <summary>
            数据类型转换
            </summary>
            <param name="obj"></param>
            <returns></returns>
        </member>
        <member name="M:HYC.HTEQP.DB.DAL.BaseDal.Execute(System.String,System.Object)">
            <summary>
            执行sql，返回受影响的行数
            </summary>
            <param name="sql"></param>
            <param name="param"></param>
            <returns></returns>
        </member>
        <member name="M:HYC.HTEQP.DB.DAL.BaseDal.Query``1(System.String,System.Object)">
            <summary>
            查询数据库记录
            </summary>
            <typeparam name="T">类名</typeparam>
            <param name="sql">SQL语句</param>
            <param name="param">类或匿名类的对象</param>
            <returns>查询类的集合</returns>
        </member>
        <member name="T:HYC.HTEQP.DB.DAL.EqpStatusDal">
            <summary>
            设备状态查询
            </summary>
        </member>
        <member name="M:HYC.HTEQP.DB.DAL.EqpStatusDal.GetByTime(System.DateTime,System.DateTime)">
            <summary>
            获取指定时间范围内的记录
            </summary>
            <param name="start">起始时间</param>
            <param name="end">结束时间</param>
            <returns>设备状态列表</returns>
        </member>
        <member name="M:HYC.HTEQP.DB.DAL.EqpStatusDal.GetOneBeforeTime(System.DateTime)">
            <summary>
            获取指定时间前的一条记录
            </summary>
            <param name="dt"></param>
            <returns></returns>
        </member>
        <member name="M:HYC.HTEQP.DB.DAL.EqpStatusDal.Insert(HYC.HTEQP.DB.Model.EqpStatus)">
            <summary>
            插入一条记录
            </summary>
            <param name="model"></param>
            <returns></returns>
        </member>
        <member name="M:HYC.HTEQP.DB.DAL.EqpStatusDal.Delete(System.Int32)">
            <summary>
            删除指定天数之前的数据
            </summary>
            <param name="days"></param>
            <returns></returns>
        </member>
        <member name="T:HYC.HTEQP.DB.Model.EqpStatus">
            <summary>
            设备状态
            </summary>
        </member>
        <member name="P:HYC.HTEQP.DB.Model.EqpStatus.EqpTime">
            <summary>
            时间
            </summary>
        </member>
        <member name="P:HYC.HTEQP.DB.Model.EqpStatus.Status">
            <summary>
            状态
            </summary>
        </member>
        <member name="T:HYC.HTEQP.EqpStatusEnum">
            <summary>
            设备状态
            </summary>
        </member>
        <member name="F:HYC.HTEQP.EqpStatusEnum.Run">
            <summary>
            运行
            </summary>
        </member>
        <member name="F:HYC.HTEQP.EqpStatusEnum.Idle">
            <summary>
            空闲
            </summary>
        </member>
        <member name="F:HYC.HTEQP.EqpStatusEnum.Down">
            <summary>
            Down机
            </summary>
        </member>
        <member name="F:HYC.HTEQP.EqpStatusEnum.PM">
            <summary>
            PM模式
            </summary>
        </member>
        <member name="T:HYC.HTEQP.EqpRunTime">
            <summary>
            设备运行时间
            </summary>
        </member>
        <member name="P:HYC.HTEQP.EqpRunTime.TimeSpanIdle">
            <summary>
            Idle时间间隔
            </summary>
        </member>
        <member name="P:HYC.HTEQP.EqpRunTime.TimeSpanRun">
            <summary>
            Run时间间隔
            </summary>
        </member>
        <member name="P:HYC.HTEQP.EqpRunTime.TimeSpanDown">
            <summary>
            Down时间间隔
            </summary>
        </member>
        <member name="P:HYC.HTEQP.EqpRunTime.TimeSpanPM">
            <summary>
            PM时间间隔
            </summary>
        </member>
        <member name="T:HYC.HTEQP.HTEqpMonitor">
            <summary>
            设备监控
            </summary>
        </member>
        <member name="M:HYC.HTEQP.HTEqpMonitor.Init">
            <summary>
            初始化
            </summary>
        </member>
        <member name="M:HYC.HTEQP.HTEqpMonitor.EqpStatusChange(HYC.HTEQP.EqpStatusEnum)">
            <summary>
            设备状态改变
            </summary>
            <param name="status"></param>
        </member>
        <member name="M:HYC.HTEQP.HTEqpMonitor.GetEqpStatus(System.DateTime,System.DateTime)">
            <summary>
            获取指定时间范围内的记录
            </summary>
            <param name="start">起始时间</param>
            <param name="end">结束时间</param>
            <returns>设备状态列表</returns>
        </member>
        <member name="M:HYC.HTEQP.HTEqpMonitor.GetRunTimePerHour(System.DateTime)">
            <summary>
            获取一天中24小时的时间统计
            </summary>
            <param name="dt"></param>
            <returns></returns>
        </member>
        <member name="M:HYC.HTEQP.HTEqpMonitor.GetMaxRunTime(System.DateTime)">
            <summary>
            获取最长的单次Run时间
            </summary>
            <param name="dt"></param>
            <returns></returns>
        </member>
        <member name="M:HYC.HTEQP.HTEqpMonitor.GetMaxDownTime(System.DateTime)">
            <summary>
            获取最长的单次Down时间
            </summary>
            <param name="dt"></param>
            <returns></returns>
        </member>
        <member name="M:HYC.HTEQP.HTEqpMonitor.GetMaxPMTime(System.DateTime)">
            <summary>
            获取最长的单次PM时间
            </summary>
            <param name="dt"></param>
            <returns></returns>
        </member>
    </members>
</doc>
